title 01, description 01
title 01,description 01
title 01,description 01
title 01,description 01
title 01,description 01
title 01,description 01
title 01,description 01
title 01,description 01
title 01,description 01
title 01,description 01
title 01,description 01
title 01,description 01
title 01,description 01
title 01,description 01
title 01,description 01
title 01,description 01
title 01,description 01
title 01,description 01
title 01,description 01
title 01,description 01
title 01,description 01
title 01,description 01
title 01,description 01
title 01,description 01
title 01,description 01
title 01,description 01
title 01,description 01
title 01,description 01
title 01,description 01
title 01,description 01
title 01,description 01
title 01,description 01
title 01,description 01
title 01,description 01
title 01,description 01
title 01,description 01
title 01,description 01
title 01,description 01
title 01,description 01
title 01,description 01
title 01,description 01
title 01,description 01
title 01,description 01
title 01,description 01
title 01,description 01
title 01,description 01
title 01,description 01
title 01,description 01
title 01,description 01
title 01,description 01
title 01,description 01
title 01,description 01
title 01,description 01
title 01,description 01
title 01,description 01
title 01,description 01
title 01,description 01
title 01,description 01
title 01,description 01
title 01,description 01
title 01,description 01
title 01,description 01
title 01,description 01
title 01,description 01
title 01,description 01
title 01,description 01
title 01,description 01
title 01,description 01
title 01,description 01
title 01,description 01
title 01,description 01
title 01,description 01
title 01,description 01
title 01,description 01
title 01,description 01
title 01,description 01
title 01,description 01
title 01,description 01
title 01,description 01
title 01,description 01
title 01,description 01
title 01,description 01
title 01,description 01
title 01,description 01
title 01,description 01
title 01,description 01
title 01,description 01
title 01,description 01
title 01,description 01
title 01,description 01
title 01,description 01
title 01,description 01
title 01,description 01
title 01,description 01
title 01,description 01
title 01,description 01
title 01,description 01
title 01,description 01
title 01,description 01
title 01,description 01
title 01,description 01
